{"data":{"big-run-refinedweb":{"x":[0,2.0971520000000003,4.194304000000001,6.291456,8.388608000000001,10.48576,12.582912,14.680064000000002,16.777216000000003,18.874368,20.97152,23.068672000000003,25.165824,27.262976000000002,28.311552000000002,29.360128000000003,31.45728,33.554432000000006,35.651584,37.748736,39.845888,41.94304,44.040192000000005,46.137344000000006,48.234496,50.331648,52.4288,54.525952000000004,56.623104000000005,58.720256000000006,60.817408,62.91456,65.011712,67.10886400000001,69.206016,71.303168,73.40032000000001,75.497472,77.59462400000001,79.691776,81.788928,83.88608,85.983232,88.08038400000001,90.177536,92.27468800000001,94.37184,96.468992,98.56614400000001,100.663296,102.76044800000001,104.8576,106.95475200000001,109.05190400000001,111.149056,113.24620800000001,115.34336,117.44051200000001,119.537664,121.634816,123.73196800000001,125.82912,127.92627200000001,130.023424,132.120576,134.21772800000002,136.31488000000002,138.412032,140.509184,142.606336,144.70348800000002,146.80064000000002,148.897792,150.994944,153.092096,155.18924800000002,157.28640000000001,159.383552,161.480704,163.577856,165.67500800000002,167.77216,169.869312,171.966464,174.06361600000002,176.16076800000002,178.25792,180.355072,182.452224,184.54937600000002,186.64652800000002,188.74368,190.840832,192.937984,195.03513600000002,197.13228800000002,199.22944,201.326592,203.423744,205.52089600000002,207.61804800000002,209.7152,211.812352,213.90950400000003,216.00665600000002,218.10380800000001,220.20096,222.298112,224.39526400000003,226.49241600000002,228.589568,230.68672,232.783872,234.88102400000002,236.97817600000002,239.075328,241.17248,243.269632,245.36678400000002,247.46393600000002,249.561088,251.65824,253.75539200000003,255.85254400000002,257.949696,260.046848,262.144,264.241152,266.338304,268.43545600000004,270.53260800000004,272.62976000000003,274.726912,276.824064,278.921216,281.018368,283.11552,285.212672,287.309824,289.40697600000004,291.50412800000004,293.60128000000003,295.698432,297.795584,299.892736,301.989888,304.08704,306.184192,308.28134400000005,310.37849600000004,312.47564800000004,314.57280000000003,316.669952,318.767104,320.864256,322.961408,325.05856,327.155712,329.25286400000005,331.35001600000004,333.44716800000003,335.54432,337.641472,339.738624,341.835776,343.932928,346.03008,348.12723200000005,350.22438400000004],"y":[0.3308933284133672,0.3534814938902855,0.3764607086777687,0.38782499730587,0.3981050960719585,0.4028486795723438,0.4125883243978023,0.4117814563214779,0.414029736071825,0.4197172522544861,0.4211113378405571,0.4279881417751312,0.4280137903988361,0.4280424378812313,0.4291964024305343,0.4326301179826259,0.4371833503246307,0.4346669465303421,0.4336562640964985,0.4432648755609989,0.4401291646063328,0.4394684173166752,0.4476612061262131,0.4465444348752498,0.4472153298556804,0.4433343075215816,0.4510187618434429,0.4459567815065384,0.4460812956094742,0.4498684890568256,0.4529943652451038,0.4528274349868297,0.4551213420927524,0.4549156539142132,0.4564928151667118,0.4576693661510944,0.4557182416319847,0.4536240361630916,0.457439012825489,0.4570476822555065,0.4589823484420776,0.462024375796318,0.4540738053619861,0.4550252184271812,0.4576593860983848,0.4573238864541054,0.4575810581445694,0.4622134491801262,0.4592566937208175,0.4614734016358852,0.4637473002076149,0.4625372551381588,0.4613912180066108,0.4597448222339153,0.4594792164862156,0.4662549719214439,0.4634026065468788,0.4633508697152138,0.4635734222829342,0.4628961533308029,0.4670135043561458,0.4639505892992019,0.4631133340299129,0.4665167145431041,0.4672448337078094,0.4693268723785877,0.4630668573081493,0.4676454700529575,0.4646359197795391,0.4621579721570015,0.4692446552217006,0.4704835228621959,0.4663223996758461,0.4680556617677212,0.466339822858572,0.4682099223136902,0.4711195565760135,0.4722655527293682,0.4727961830794811,0.4676857478916645,0.4719390422105789,0.4713102728128433,0.4712141714990139,0.4721613004803657,0.4713456854224205,0.4682970903813839,0.4679934531450271,0.4685162976384163,0.4679946713149547,0.4681242071092129,0.4702276065945625,0.472664151340723,0.4730790853500366,0.4731674715876579,0.4718914777040481,0.4719801284372806,0.4761029370129108,0.4735167175531387,0.4730370938777923,0.4730173237621784,0.4735377207398414,0.4777223989367485,0.4796326830983162,0.4734170883893966,0.4739485755562782,0.4748299159109592,0.4765299335122108,0.4745025858283043,0.4754423759877682,0.4784592799842357,0.4761341325938701,0.4760282784700393,0.4769757278263569,0.47154351323843,0.4786738082766533,0.4804279990494251,0.4777076803147793,0.4798569902777672,0.4759011939167976,0.4784621745347976,0.479673832654953,0.4780617095530033,0.48076206818223,0.47995800152421,0.4790860973298549,0.4817167408764362,0.4811586998403072,0.482547752559185,0.4816697351634502,0.4809327870607376,0.4816545359790325,0.4804601892828941,0.4776877984404564,0.4813711903989315,0.4844604581594467,0.4819537848234176,0.4820829331874847,0.4778126627206802,0.482935007661581,0.48230691999197,0.4826001971960068,0.4823969900608063,0.4811219945549965,0.4789146520197391,0.484035175293684,0.4848698377609253,0.4855728335678577,0.4825376532971859,0.485215101391077,0.4824351668357849,0.4835342466831207,0.4822137206792831,0.4838785007596016,0.4837255179882049,0.4853012599050998,0.4857851006090641,0.4863366298377514,0.4856646582484245,0.4842503517866134,0.4838776960968971,0.4846346862614155,0.4837041422724724,0.4813097268342972,0.4873070046305656,0.4841253720223903,0.4837464913725853,0.483069509267807,0.4851242564618587,0.4861010462045669],"label":"RefinedWeb"},"big-run-sampled_full_filtered_no_dedup":{"x":[0,2.0971520000000003,4.194304000000001,6.291456,8.388608000000001,10.48576,12.582912,14.680064000000002,16.777216000000003,18.874368,20.97152,23.068672000000003,25.165824,27.262976000000002,28.311552000000002,29.360128000000003,31.45728,33.554432000000006,35.651584,37.748736,39.845888,41.94304,44.040192000000005,46.137344000000006,48.234496,50.331648,52.4288,54.525952000000004,56.623104000000005,58.720256000000006,60.817408,62.91456,65.011712,67.10886400000001,69.206016,71.303168,73.40032000000001,75.497472,77.59462400000001,79.691776,81.788928,83.88608,85.983232,88.08038400000001,90.177536,92.27468800000001,94.37184,96.468992,98.56614400000001,100.663296,102.76044800000001,104.8576,106.95475200000001,109.05190400000001,111.149056,113.24620800000001,115.34336,117.44051200000001,119.537664,121.634816,123.73196800000001,125.82912,127.92627200000001,130.023424,132.120576,134.21772800000002,136.31488000000002,138.412032,140.509184,142.606336,144.70348800000002,146.80064000000002,148.897792,150.994944,153.092096,155.18924800000002,157.28640000000001,159.383552,161.480704,163.577856,165.67500800000002,167.77216,169.869312,171.966464,174.06361600000002,176.16076800000002,178.25792,180.355072,182.452224,184.54937600000002,186.64652800000002,188.74368,190.840832,192.937984,195.03513600000002,197.13228800000002,199.22944,201.326592,203.423744,205.52089600000002,207.61804800000002,209.7152,211.812352,213.90950400000003,216.00665600000002,218.10380800000001,220.20096,222.298112,224.39526400000003,226.49241600000002,228.589568,230.68672,232.783872,234.88102400000002,236.97817600000002,239.075328,241.17248,243.269632,245.36678400000002,247.46393600000002,249.561088,251.65824,253.75539200000003,255.85254400000002,257.949696,260.046848,262.144,264.241152,266.338304,268.43545600000004,270.53260800000004,272.62976000000003,274.726912,276.824064,278.921216,281.018368,283.11552,285.212672,287.309824,289.40697600000004,291.50412800000004,293.60128000000003,295.698432,297.795584,299.892736,301.989888,304.08704,306.184192,308.28134400000005,310.37849600000004,312.47564800000004,314.57280000000003,316.669952,318.767104,320.864256,322.961408,325.05856,327.155712,329.25286400000005,331.35001600000004,333.44716800000003,335.54432,337.641472,339.738624,341.835776,343.932928,346.03008,348.12723200000005,350.22438400000004],